user,icon,message,image,pun
Varas,,"Hey Ina, all I wanted to say is Thank you for being you.  - Varas",,"Are you having any nacho cheese for your birthday?  It's ok if you don't like it though, because it's Nacho cheese, it's *my* cheese! (i'm sorry)"
Cam,,"Good Morning, Afternoon, Evening Ina. You got me through a lot of rough times in the past and your streams and content never fail to bring a smile to my face. Thank you for being that calming force throughout the last 4 years, and I can't wait to see what the future holds. I hope you have an amazing birthday and keep being Wah-nderful.",,Why are Ninja's so affectionate to their friends at birthdays? Because they always Doton you.
Gamertron323,,"Happy Birthday, Ina! I hope you have a wonderful day with lots of hugs and cookies!",,What do you call an octopus that can make mexican food? A Taco Tako.
Pab,,"Hiii Ina! May you have a happy birthday, and a thank you. I remember watching your art streams years ago, and although i don't have that much time to watch streams nowadays, i am glad to see that your happiness and passion for art hasn't fade. Here to more years, Priestress üõê",noTitle-Pab.png,
Devildawn,,"Wah ! Happy birthday Ina !!  I may not watch a lot of streams because of my lack of free time, but I enjoy your drawings and the clips i see sometimes. May your day be amazing !",Itasha-Devildawn.jpg,Sorry mococo ate my homework
Bolt,,"Count your life by cookies, not cucumbers. Count your age by friends, not years. Happy birthday Ina!",,Let's tako 'bout your birthday
Sunny Faller,,"Happy Birthday Ina!  You inspire many people to be creative including me, thank you for all of your hard work! <3",InaBirthday-SunnyFaller.png,I hope you TAKOver this world
Gorgelon,,Happy birthday Ina! Best of wishes.,,I hope you have a Wahnderful birthday.
glumble,,Happy birthday Ina!! Happy for another year of sharing a birthday with my oshi :) Hope this year treats you well!!! Keep up the good work!!!,,
Andi,,Happy birthday and hope you have a wonderful birthday and have a wonderful time with family and friends best wishes to youuu :3,,Never tell a tako your secrets. They always spill the ink!
Willy,,"Hello Ina, happy birthday! With this message I hope you know how special you are amongst all vtuber talents. Not only are you cute and charming beyond belief, and a real sweetheart to all of us Takos, but you're also a real inspiration for budding artists like me. You're a light, a muse and an example. Never change, and never let us go. We love you Ina!",,
Cardboy777,,"Happy Birthday, Priestess! I never draw but I spent 5 minutes creating my son here. I hope he made someone chuckle.",RareTako2-Cardboy777.png,
SheoTako,,Hoping that MS paint will work. I made a Tako with an M&M cookie,Takocookie-SheoTako.jpg,Have a grate birthday. Hope that's not too cheesy. =3
MachFighterG,,"Happy Birthday, Ina!!! ",,
Artemis,,"Happy birthday, enjoy your next year and I hope it comes with many cookies for you ",,Hope you have a wahnderful year
HeavenToast,,INAAA BEEN SUPPORTING SINCE VIOLET TRAILER SO MANY YEARS AGO KEEP GOING STRONG AND HAVE A HAPPI BIRTHDAY!!!,,Why did the banana go to the doctor? It wasn't peeling well
Deathcon,,"Happy Birthday to our lovely priestess Ina! You are truly incredible, your streams always help melt my stress away even with working two jobs all that fatigue vanishes when I hear that WAH! Your art is so inspiring and never ceases to amaze me. You are also just a fun charming person and I couldn't ask for a better Oshi. Lots of love Happy Birthday Ina!!!!!!",,Let's Tako-bout your birthday today
GachaLuck,,"Hi Ina this my first time writing for a tentacult project! I don‚Äôt know how to express myself but I just wanna say thank you for everything! I was in my downhill like 2 years ago until I met you, you made my day, week and year! Thank you for becoming my oshi, finally Happy Birthday my cute priestess Ina! Hope you have a big big birthday cake! I wish you a good gacha luck in the coming year! Take care and buh byeeeee.",,
noro,,We love you and the rest of myth and everyone and we wish you the best of luck and happiness!,,"Baking cookies? No Ina baqueen cookies (it makes no sense, ill see myself out, happy bday Ina tho^^)"
aurilyn,,happy birthday ina!! glad learned about through anirevo 2023!!,,i got none sad tako noise
,,"Ina, over the past 3 years you have brought me nothing but smiles and comfort. Whenever i was having a bad day, as soon as i heard WAH all the bad feelings went away. Im so proud to be a takodachi and I hope you have an amazing birthday",,
R√∂mm the Takomancer,,"The story of this Takocaster is long, so, as the takomancer who created it for you, I just want to thank you for all these years of joy and comfort you brought us, takos, and wish you a magnificently Happy Birthday!",TakoMusic-RomTheTakomancer.jpg,
Grizzexploder,,Happy birthday big dog,InaHomeRun-Grizzexploder.jpg,
,,Happy birthday day Ina!!,hbdIna-watson3167.png,
Andrewboi,,Happy Birthday Ina! You are so cool and I hope you have a really great birthday! :D,,
Homurakuma,Takoverse-Homurakuma.png,"Happy birthday Ina! Here's to another year in the wonderland of ina! I like your wavy flow-ing hair.  Deep down, I know you would spark again my interest in art. My one and last oshi!",,"I dunno...Well, I was at a gaming convention and my friend dragged me to play some FF14, but the convention center was so cold I was shivaing..."
Chumbeque,,"On this special day I wish you all the best. You are a wahnderful person and you deserve only good things! Thank you for all these years, thank you for always being yourself and thank you for filling our days with joy! I love you Ina! WAH",,Have a Capy birthday Ina!
Bjorn117,Bjorn117Tako-Bjorn117.png,"Inaaa!!! Happy Birthday!!! I cannot put into words how much you mean to me and what a big positive impact you have had on my life! You are a ray of sun on a dark day! I truly want to thank you for everything! Life can be hard, but I WAHrry on, because I know it's what you‚Äôd want. Here‚Äôs a cheer for all the time we‚Äôve spent together and all the time yet to come! Love from Mexico!",,What does an Octopus wish for when it blows the candles on its birthday cake ? For the cake to not taste like ink...
SG_01 Lunarchild,,"I can't believe it's been another year, time seems to go by so quick. And what a year it was, loved seeing your ""birthday"" live and your other various performances, your off-colabs, the stories of you with Bae, and so much more. I mostly tend to lurk in the streams during work nowadays, but they're still really great.  Thanks for being our wonderful priestess ^_^",,Watashi wa warrui Takodachi ja nai yo.
[SSRBdachi] Yuzuki,,"Hiya Ina-sama? Ina-mama? How are you today? It's one of your many special days, and as a responsible Takodachi, I'm here to give you a message! To the best eldrich, ""human"" Priestess I know, you do nothing but give smiles and laughter, which makes me feel warm and welcomed around you and the other dachis!",,"If free cookies existed, could we get bags of ginormous titan cookies? With a once every 2 weeks refresh?"
Detective Simon,simontakodachi-DetectiveSimon.png,"Alas, another year passes meaning another birthday for our eternal and forever young priestess is upon us. For such a momentous event, I offer this to you as you have offered me moments of peace and calm. Happy Birthday Ina, I hope we make you happy as we have for years prior and to come. WAH!",HBDINA-DetectiveSimon.png,
,,"HBD Ina, Keep doing what you're doing and we will support you always.",,
Blade || A Tako in training ||,,"Happy Birthday Ina, THANK YOU for the streams and all the amazing art that you create!",,
,,Happy Birthday Ina~! You're awesome!!! (‚âß‚àÄ‚â¶„Çû,TakoEatTakoOnionRingHBDINAHeart-lufabe.png,
A random guy,,Hi Ina! Honestly I wanna thank you for just being you. I went through some tough times and your streams really helped me pull through. These days I'm too busy to watch streams due to work so I can only watch vods and clips but I hope you keep being you for a long long time.,,I'd love to be the Jessie to your James but sadly I'm more Jayeded now (I tried)
Light Aether,,Happy Birthday Ina!!! Hope you have a Wah-derful birthday!,,"Can't find the braincell, sorry"
Cncy,q4r44t-cncy.jpg,Happy birthday ina! Thanks for Ina because I had learned some drawing skills from you!,hbdIna-cncy.png,I love ina's pun and also hope Ina can streaming at cook puncake
SkyChordArt,tako2-SkyChordArt.png,"Made this artwork to say that as long as you are happy, WE ARE HAPPY! ",inyajoubi1-SkyChordArt.jpg,
Kaidon,,Happy Birthday Inaaa!! Thanks for bringing us all along on this WAHnderful journey!,,
Dernium,,"Happy Birthday Ina! Ina, you have grown in so many good ways this year, I look forward to another! Just like any good healer, we have our eyes on you (our support priority target). Enjoy my Tako-dachi Scholar from FFXIV",TakoScholar-Dernium.png,"Ina, you are a great Scholar! Know that we Takos will SUPPORT you for another year. I find your existence a HEALING influence in my life. "
Vern,,"Happy birthday Ina! Hope you have a wonderful, wonderful morning, afternoon, evening! May there be lots of cake and delicious food aplenty. (Ôæâ‚óï„ÉÆ‚óï)Ôæâ*:ÔΩ•Ôæü‚úß",inabirthday-Vern.jpg,
Avros,AvrosTakoSmall-Avros.png,"Ina Ina Ina! Happy Birthday and I hope you have a wonderful one with lots of smiles, fun and laughter from all of Hololive and from all us Takodachi! WAH!",,Why can't a white mage hold its breath? They took away their Aero!
Takomonty,,"Ina! Ë™ïÁîüÊó•„Åä„ÇÅ„Åß„Å®„ÅÜÔºÅ  It seems like so long ago, but three years ago in Pixiv's Drawfest, where you were one of the MCs, I picked up my pen to start learning how to draw in earnest - starting with malformed stick figures.  This year, I got my first paid work as an illustrator.  You have continued to be a shining inspiration for me all this time. Every struggle, every climb, every plateau, and every breakthrough. I hope to stand on the same ground as you one day.  Most importantly, I wish you the best of fortunes and hope from the bottom of my heart that you continue to fly higher, oh higher!  ",inaBirthday2_a4_takomonty_04292024-TakoMonty.png,"That Scholar over there thinks I'm a real Succor for puns. When I asked her to Broil some fish, she started counting I,II,III,IV..."
Kawa,,"Happy Birthday, Ina !",Drawing115-Kawa.png,
Tizi,takotizi-Tizi.png,Happy birthday to the most beautiful holy Priestess!!,Ina-Tizi.png,"You always work so hard and inspire so much art! But be careful to not overdo, and we will try to not overdoodle!"
Cyber Toast,,"Happy birthday, Ina! Thank you for being such a wah-nderful oshi and treat yourself to lots of cookies!",,Did you hear about the haunted deli? They named the spirit the gaba-ghoul.
Gryffyd,IMG_0839-Gryffyd.png,Wishing you the happiest of birthdays Ina!,,
MinJyo,,Hi Ina imma keep it short. You genuinely inspire me everyday to keep doing my best. Thanks for everything Wahppy birthday,,Speaking of bdays apparently all takos were born on the 10th month. Cus we oct. im sorry idk any üòÇ
Yato Takoyaki,,"Happy birthday Ina  Thanks for another WAHderful year, may your chocolate chip cookies be many and your raising be few. Looking forward to another comfy year of takotime!!! ",,
oursencarton,,"WAH ! Hi Ina, congrats on another birthday ! Thanks for always rising my morale after an annoying day at work. ",,Why can't hunters never eat their birthday cakes ? Because the cooks always felynes.
Connan,,Here's to another WAHnderful year of miraculous preservation! Happy birthday Ina!,,
Kutsune,,Happy Birthday Ina!! Your streams are always so lovely to tune into and your art is a huge inspiration for me as a current art student and wishing you plenty of more years with us!! üíú,IMG_4798-Kutsune.png,
Pandaman,,"We love you Ina! Always supporting you, and being a Tako is the best. ",,We-Are-Hungry haha
ÂÜóË´á,,HAPPY BIRTHDAY INA!!!!!,,
SpecterSoul,,"Happy day of birth dear Priestess, may your oven be filled with cookies and your year filled with wahderful moments. WAH.",,"Clive's anime moments are so awesome, even my cake is in tiers *Mic drop*"
Xenopios,,"Happy Birthday! I've been a silent fan since the beginning, but I hope to start being more active and more brave. Cheers to another year and thank you for being one of the few lights in my dark times. ",,"Somewhere out there is a Red Mage that says ""verily"" instead of ""I love you""!"
Kusari,takodachi-Kusari.png,Blessed day of birth Ninomae Inanisu! Thank you so much for giving us a special place to chill and wind down from life. Sometimes I listen to your 3D live Gunjou cover and I break into tears (like right now). All the memories with you and everyone are so precious so keep making more! God bless you!,InaMasterpiece2024-Kusari.png,Are you a smart fella or a fart smella...
Eric the KFP Tentacultist Investigator,,"Happy birthday Ina! Hope you have another WAH-nderful year full of cookies...and hopefully some food that isn't cup ramen! Time sure does seem to fly more and more quickly. Hard to believe I've been watching you for as long as I have, and I'm glad to say its never been dull moment! WAH ",,What does every birthday end with? The letter Y
,,Happy Birthday Day Priestess!!  Hope you eat something yummy.,inaBday-JmoyL.png,I only seem to get sick on weekdays. I must have a weekend immune system.
Requiem,,Happy Birthday Ina!! Hope you have a wonderful birthday and for inspiring to do art.,IMG_2154-Requiem.png,
Arc,,HBD Ina!!! Your cute and comfy streams always make my day a bit better! Couldn't wait for the official ones so I've made my own Ina and Ao chan.,PXL_20240505_123514514-Arc.jpg,I got nothing
Moxi,IMG_20240112_030640_015-Moxi.jpg,"Oh fair priestess, I wish you a happy birthday and a thousand ""thank you"" for being the inspiration for my art",20240504_193111-01-Moxi.jpeg,"Whenever its your birthday, you can always count that Ill always be there, Ina heartbeat  ü´¥üíï ""chu"""
Silveraith,,"Happy birthday Ina! It feels like the last one was just yesterday, but time flies when you're having fun. May all of your days bring you joy.",,"If you have a strawberry shortcake, the filling would be miraculous preserves!"
Shifumi,,"Hi Ina! Happy 4th birthday!! Times flies huh... I've been a day 1 takodachi so thank you for the good times. I hope you have a great day and at least one cookie. You built an amazing community (naturally, for someone as WAHnderful as YOU) and I love meeting fellow takodachis in the wild!",,
Zachary,tako0-Zachary.png,"Happy birthday Ina! Thank you so, so much for being an inspiration! I was about ready to give up on art before you debuted, but you encouraged me to keep going! I am eternally grateful to you and the Tentacult!",inabirthday24-Zachary.png,
Vaan,EmoTako-Vaan.png,"Happy Birthday, Ina, Priestess of The Takos! üéâ May your special day be blessed with warmth, joy, and all the divine wonders your heart desires.  Cheers to another year of giving us Takos your presence",hbdIna-Vaan.png,"Ina, hope your birthday is full of clover! Don't cliff over!"
F,,WAH! Happy Birthday Ina! I'm not good with words so I'll leave it at that!,inahbd24final-F.jpg,
Gunpla Uruguay,TakoverseNumegane-GunplaUruguay.png,"Oh ! is this the birthday of the world famous Ninyomae Inyanis from Hololive first generation myth? WAHnderful !   Ina, another year has passed with you bringing happiness and joy to all of us takos, thank you ! Personally, you have been a ray of sunshine for this old tako, we love you !",,
ManILoveIna,,ina! Happy Birthday!! I hope you have a wonderful day! LOVE INA FOREVER!!!,Drawing-ManILoveIna.jpg,Be Careful When You Open The Box For Your B-Day Present. You Could Be Stung...    Because It's Bee-Day Present. :)
Armando,image_2024-05-09_164524869-Armando.png,Happy Birthday Ina! Thank you for inspiring me to pursue my passions!,240509-Armando.png,Don't know inaff birthday puns for this :(
kshut,pebbledachi-KShut.png,Ina! I wanted to take this chance to tell you how much joy you and the other hololive girls have brought into my life. Your soft and comfy attitude never fails to brighten my day and it's something that inspires me to do my best! Please continue being yourself and have a WAHnderful birthday Ina! =w=,inaLaysOnFloor-KShut.png,Q: What drink is prone to making people cough? A: A choco latte (choke alot-te)
EvaCh,,"üéÇHAPPY BIRTHDAY INA!!!!!!üéÇ So happy to have you be my kamioshi~ (¬¥‚ñΩ` É‚ô°∆™)"" May the day be as special as you are! Wishing you a wonderful today, TOMORROW, and always! (¬¥,,‚Ä¢œâ‚Ä¢,,)‚ô°",,
a Rabid Hobo,,"Happy birthday! Number of years going up might not mean much, but this year was a happier one for being a takodachi. Thank you very much!",,
RandMB,,Happy birthday Ina! sorry I was busy during the art submission date so i made a 32x32 doodle for it! (larger version included),yes-MemeBoiCrep.png,
RandMB,,(enlarged version of doodle),yes2-MemeBoiCrep.png,
Nyuusai,NyuusaiTako-Nyuusai.png,"Happy birthday Ina! thank you for almost 4 years of creating memories with you, thank you for all the smiles and laughs, thank you for being here with us, and thank you so much for being my biggest inspiration, my true mentor when it comes to pursuing my dreams. WAH",inaBday2024-Nyuusai.png,What is the job that protects all the Takodachis?  it's the WAHrrior ...
CordiesDie,GBlU9YMbgAApdX6-CordiesDie.png,"WAH! Hi Ina and happy birthday!!! o/  It's In(a)sane how the time flies and how it is already your birthday (I swear it was new years just a week ago xd), but I am happy be able to celebrate this occassion with you again!!!  You are an amazing, sweet person and I really love the way you sing <3",Inamaid-CordiesDie.png,"Ina case you forgor, it's your birthday! So have a wahnderful day!"
Nalds,,Happy Birthday Ina! Made some simple art coming from a tako with zero experience in drawing :),,I have no puns but have you o-pun your birthday presents?
Suzuri,,"Happy 4th Birthday Ina!!!! Wow many things have gone through this year, here's to another!!!!",,
Ê¢ÖÈõ®,,"Happy Birthday Ina! I hope you have fun on your special day, and from all of us takodachis, here's to another great year! Your funny jokes, comfy streams, and amazing art make me so happy and help me carry on in my daily life. Thank you so much for everything you do! WAH!",,"Your birthday is so exciting, it's gonna give me tako-cardia! (tachycardia)"
Zogajah,TAKO-Zogajah.png,"Happy Birthday Ina!!! May you have many wonderful moments today as you celebrate with good friends, open many gifts and eat tasty food.",Takoballoons_bday-Zogajah.png,Whoever is Axing for FF14 puns must have been a Warrior
popop,,"I really appreciate your streams. It usually brightens my day, and you inspire me to keep doing art.",inaBirthday-popop.jpg,What do you call a mountain of cat a meowtain ha ha ha get it
Deer Oh Dear,TakoDeerGachaR-DeerOhDear.png,All the best to you on your 4th Birthday celebration with us! WAH!,Ina_Bd4y-DeerOhDear.png,Hope a cookie dough cake chips in to make a sweeter birthday!
„ÅÑ„Çç„ÅØ„Åô Irohasu,,"Happy birthday Ina!! I always enjoy your stream, thank you!! Ë™ïÁîüÊó•„Åä„ÇÅ„Åß„Å®„ÅÜ„Åî„Åñ„ÅÑ„Åæ„ÅôÔºÅÈ†ëÂºµ„Å£„Å¶„Çã„Ç§„Éä„Å°„ÇÉ„Çì„Å´„ÅÑ„Å§„ÇÇÂÖÉÊ∞ó„ÇíË≤∞„Å£„Å¶„Åæ„Åô„ÄÅ„ÅÇ„Çä„Åå„Å®„ÅÜ„Éº‚ò∫Ô∏è„Ç§„Éä„Å°„ÇÉ„Çì„ÅÆÊèè„Åè„Ç§„É©„Çπ„Éà„ÇÇ„ÄÅÊ≠å„ÇÇ„ÄÅÈÖç‰ø°„ÇÇÂ•Ω„Åç„Åß„ÅôÔºÅ„Åì„Çå„Åã„Çâ„ÇÇÂøúÊè¥„Åó„Å¶„Åæ„Åô„ÉºÔºÅüíú",,
Solodestructo,inaGreedTako-Solodestructo.png,Hi Ina! I love all the streams you do and your art inspires me to become a better person and artist. Your puns and great humor always puts a smile on my face so I can always gain motivation to push forward everyday. I hope you gain great happiness and memories on your birthday!,inaBday-Solodestructo.jpg,What do you call a dirty tako? A takoyucky!
zacell,,Ina birthday fanart!,ninomaeInanisBDrefine-zacell.png,
Kkarumida,,Happy birthday to our wonderful tako! You are the reason why I still pursue making arts.,InaBirthday-Kkarumida.png,
Dave the Deadhead,TakoDave-DaveTheDeadhead.png,"Happy Birthday, Ina! Thank you for all the days you made brighter and for the countless smiles and wahnderful memories shared with us, I wish you all the happiness in the world today and always, and may all the joy you give to us return to you a million times and more!",,"They don't give the man who invented the jackhammer enough credit, it was really groundbreaking at the time!"
underdatv,,"Happy birthday Ina!! I love the calm atmosphere you give, which heals me from the pains of my life(like exhaustions in the morning...). And your drawing stream gives me so many inspirations, that I can make my arts proceed. Thank you for giving me good influences, and have a nice birthday! ",inab2024-underdatv.png,Fun pun...I went so far to Gun pun.
rygus,rygusTako-rygus.png,"Ina,I got my new life from you.
Now, I'm having so so happy life,
Never a life I would have without you.
All my joy are from you. Always thanks to you
For giving us cookies(pleasure)",inaBday-rygus.png,Read my message VERTICAL
Thokaulfr,,"Happy cake day Priestess! Before I knew it your voice and cute giggles and puns have become an integral part of my daily life, your outlook on life is really inspirational to me and I am truly grateful. Here's wishing you a wonderful birthday and good health and surrounded by loved ones!",,Unfortunately my puninary skill isn't up to puff.
Sappysque,sappysque_tako_submission-Sappysque.png,"Happy birthday Inaaaaa!! ^^ Thank you so much for blessing us with cookies and your Ina-rrific self.  There's nothing that I can say to express my gratitude and admiration to you, but I hope that this message and drawing can put a little smile on your heart. ",sappysque_ina_birthday_2024_drawing-Sappysque.png,
Happytako,TAKO2024-Happytako.png,"Happy Birthday Ina our priestess! I love all your puns and coolness from your streams, forgive me as a fellow tako, not watched it all the way live, but is worth it after everything and will catch up with your streams. The Way of WAHs, tako follows, and wishes ina happy and healthy well. WAH!!! ",HappyInaBirthday2024-Happytako.png,"When I am down with a bad-ha-mood, I Clive for a Cid-der, but I can always think of the blessing of the Wah-nix up from our priestess, and transform to a Takorit, The Eikon of Wah. Burn with joy and laughter, Light with calm and wisdom, scorching our days with comfort until our Final Fantasy. "
JCC,,"Habbaduh Inya! Thank you for the comfy streams! It's always nice to hear your comfy voice cause it sends endorphins to my brain. Also, your stories are soooo relatable! Wishing you all the best our priestess!May you have good health and may your wishes/dreams come true! Will be a tako forever! WAH! ",,
kris (Christian Bondoc),kris-Kris.png,"happy birthday ina! as a vod watcher from a pretty different timezone, i havent been able to catch your streams live as often since ive gotten busier in the mornings-afternoons, but watching the vods still livens up my day! i hope streaming and idol work continues to be fruitful in the days to come",pebbleTako-Kris.png,
TengZhi,tako-TengZhi.png,"Happy birthday to our dear priestessÔºåwish you have a best year of all past Ina, start from birthday. ",inanis-TengZhi.png,
Wigglytype,wigglytype_takodachi_2024_01-Wigglytype.png,"Happy Birthday, Ina! Thank you for another year of fun streams and endless WAH's!",wigglytype_ina_bday_2024_01-Wigglytype.png,Let's Taco about World Domination in queso it happens this year!
„Ç¢„É™Ari,Ari_Tako-Ari.png,Happy Birthday Ina~! I hope you have a great day today <3,Ari_InaBdayFanart-Ari.png,"You Octopi my heart, have an Ink-redible Birthday!"
McArkus,,Happy birthday Ina! Congratulations on this 4th birthday! hope you have an amazing day and continue having fun with everyone.,,
Jamu(ta)ko,jamukoTakoPfp-Jamuko.png,Happy bday Ina!!! You inspired me to try my hand at animation on CSP for the very first time! Thank you! WAH!!!,Jamuko-InaAnimation-Jamuko.webp,"Thank you for being (a realm re)BORN! Getting to know you has been HEAVEN(sward)! STORM(blood) or shine, you always (shadow)BRING(ers) us happiness! I will follow you to the END(walker)!"
redmercuryvapor,,"HAPPY BIRTHDAY INAAAA! YOUR PRESENCE IS A GIFT TO THIS WORLD, I APPRECIATE YOU!",IMG_3221-redmercuryvapor.png,"When someone ask you ""how are you doing?"" reply with ""i am doing my best."""
Nood koi,Screenshot_20240331_121603-NoodKoi.jpg,I love ina,20240513_042159-NoodKoi.jpg,Ina happy birthday to you ü•≥
„Çã„Åã„Åß„Åô,,„ÅäË™ïÁîüÊó•„Åä„ÇÅ„Åß„Å®„ÅÜ„Åî„Åñ„ÅÑ„Åæ„ÅôÔºÅIna„ÅÆ„Åì„Å®Â§ßÂ•Ω„Åç„Åß„ÄÅ„ÅÇ„Åì„Åå„Çå„Åß„ÅôÔºÅ„Åö„Å£„Å®ÂøúÊè¥„Åó„Å¶„Åæ„ÅôÔºÅ‰Ωì„Çí„ÅäÂ§ß‰∫ã„Å´ÔºÅ,drawing3-Rukadeisu.png,
Reykhebaxh,TakoSubmission-ReyRey-Reykhebaxh.png,"Happy birthday Ina!Thank you for all of the hard works this year, „ÅäÁñ≤„ÇåÊßò„Åß„Åó„Åü. Your hard work and commitment to your crafts have inspired me to go on new challenges. I want to wish you another year of good health, happiness and success in every path you take. ‚ÄúÁßÅ„ÅÆÁîü„Åç„Åü„Å©„ÅÆ‰∫∫Áîü„ÇÇ„ÅåÁúüÂÆü„Å†„ÄÇ„Å©„ÅÆÈÅì„ÇÇÊ≠£„Åó„ÅÑÈÅì„Å†„Å£„Åü‚Äù-„Äå„Éü„Çπ„Çø„Éº„Éª„Éé„Éº„Éê„Éá„Ç£„Äç",InaBirthday2024-Submision-ReyRey-Reykhebaxh.png,"""What do Ina and a Dragoon have in common?""-""They are both floor gang"".  ""How does a Dragoon celebrate Ina's birthday?""- ""Elusive Jump with a hint of backflip""  (yeah i haven't play it for a while, so this is all i can think of (¬¥ÔΩ•·¥óÔΩ• ` ))"
Pedro Echeverr√≠a,,"I discovered Hololive because of a certain dog speaking spanish, but I stayed because of HoloMyth debut! They are an important part of my life since then. Specially that one purple girl Ninomae Ina'nis ¬ødo you know her? She has such a relaxing, calm voice and AMAZING drawing skills! HAPPY BIRTHDAY!!",InaBday-PedroEcheverria.png,
Teo,,"Happy Birthday Inaaaaaa!!! Thank you for the fun moments, the music, the drawings, the cookies. I hope you can achieve all your goals and tha we can keep enjoying  of your company. ",InaBirthday2024-Teo.png,
Remism,,ÏÉùÏùºÏ∂ïÌïòÌï¥Ïöî Ïù¥ÎÇòÏß±!,inaBday2024SNS-Remism.png,
Celest1,,"Happy Birthday to our Silly and Sweet Priestess, Thank you for all the memories with the Takos[and Ikas]. Hope you having a WAHnderful day!",,"I present unto you, for your birthday, another year of life."
WarsyDetective,,Happy birthday Ina!!!) Wah!,,
Be,,Have a WAHnderful birthday Ina!!,,
AbyssiHu,,"Hello Ina, happy birthday to you. Thank you for being there for us takos. I love your comfy personality, your otaku interests and your puns. I look forward to many more streams. Keep being WAHnderful.",,I can't believe you ruined your birthday cake. You blew it.
RiDeth,,Happy Birthday Ina!!! One year closer to WAHrld DomINAtion!,,Why did a moogle cross the road? To deliver you kupo hot choccy for your birthday!
A'lineh,21_takodachi-Alineh.png,"Happy Birthday! Thank you for all the fun time, inspiration and motivation!",25d-Alineh.jpg,
Granlitar,Granlitako-Granlitar.png,Happy Birthday Ina!!! Thank you for always working super hard for us Takos and doing your best to give us all a comfy place that we can call home <3 Hope you have an amazing birthday and get yourself some yummy cake (or cookies) to celebrate!,,
Tassu Alstroemeria,tassustroemeriaTako-TassuAlstroemeria.png,"You've been an inspiration ever since I saw your Spice & Wolf animation, your creations are beautiful and occasionally leave me in tears. I cross my fingers for a krita brush every day Miku and you hiding in the May ¬ΩRain under your meconopsis, since we both seem to think highly of her majesty",24-05-11BirthdayInaAlstroemeria-TassuAlstroemeria.png,"have a final fantastic birthday (wait no) may the day be yours (get it, cause may is your birth month) may Cho Come Bome safely to celebrate your birthday, with.. a chocobo Uhldare to have a happy birthday I hope I'm so done.."
SharkyDoko,,Happy Birthday Ina~ May you have a WAHderful birthday!!!,,
yeastbeast,,Happy Birthday Ina. You've been a big inspiration for me rekindling my love for drawing. While I didn't color this one (I'm an old tako) I'll be better and come back for revenge. Thank you for being an inspiration to all us takos. We all wish for you're happiness and health always.,HappyBirthdayIna-yeastbeast.png,I hope you eat some Van-Ina and Tako-late cake
PatterOfTakos,,"Hello Ina. I am not an artist tako, but I hope you still enjoy this silly art. We Are Here for you and hope you are having a wahnderful time today!",badTakoArt-PatterOfTakos.png,"A Final Fantasy Fan got an ice cream commissioned to look like a big yellow bird, but when it arrived, it was a chocolate cake in the form of an archery weapon instead. They asked for a Chocobo cake, but got a Choco Bow Cake. ¬Ø\_(„ÉÑ)_/¬Ø"
,,"Happy Birthday, Ina! It's another year that has went by and I feel that we all feel a tad bit older now. I just want to wish another WAH-nderful year together with everyone. Of course, I wish for more success and good health for you. You and the Tentacult have been the best place to return to.",,
SynSight,PXL_20240513_1653487402-SynSight.jpg,Happy Birthday to the Sweetest 'tuber üç†üíú,PXL_20240514_0320364952-SynSight.jpg,
Kiyomi,received_1108860866895039-Kiyomi.jpeg,"HAPPY BIRTHDAY INA! I hope this special day brings you joy and laughter. I want express my support and gratitude to my amazing oshi. Your streams have been a source of comfort and happiness and they continue to uplift me during challenging times. With that being said, remember you are amazing! (¬¥‚àá`)",received_1891559447957627-Kiyomi.jpeg,Let's tako 'bout your birthday! Today is your special day so have some cake and ice cream to celebrate sherbet day! (*¬¥ Àò `*)
weewooq,,"Hello! I want to take this chance to thank you. I was inspired by your art 2 years ago. Since then I have drawn a poster for my school, learned figure drawing, and am now working my way to art school. Your kindness is also just so admirable to me. Happy birthday Ina, thank you for all you do for us!",,
Vongola x,,"I had followed you from the start, i mainly watch JP before EN debut because of her comfyness, but you bring me to the EN side with you WAH. I hope your future full of happiness and brightness",,
,,Happy Birthday INA,ina2-soulxdino.png,
Pull,sketch1715745020588-Pull.png,Thank you for keeping me motivated to improve and never give up on drawing. I wish you nothing the but the best. O7,sketch1715745821648-Pull.png,"Did you know that the critically acclaimed vtuber Ninomae Ina'nis has an upcoming birthday stream? With an expanded free trial which you can watch and listen to the entire zatsudan, and the award-winning Karaoke stream up to 60 minutes for free with no restrictions on pressing subscribe..."
JeffriArt,Ina-birthday-2024-tako-transparent-JeffriArt.png,"Happy birthday, Ina!!! Thank you for always be my inspiration and love your comfy streams! ",Ina-birthday-2024-simple-w-text-JeffriArt.jpg,
Kinoko,KinoTako2-Kinoko.png,"Happy Birthday Ina, hope you have a good one! Haven't been able to catch your live streams as much because I'm nearing the end of my journey of of Master's Degree! Its been very busy here lately, but still I really thank you for keeping up the streams so I can listen to your VODs while I work!",,"I will always be sending birthday wishes in these fan projects,  because you *Octopi* my heart"
Hermit,tako2-Hermit.png,"Happy Birthday Ina!! I wish you good health, motivation and productivity. These are in demand nowadays~! For the present, I wanted to draw you something that would remind of summer. It's nothing special but I hope you like it! Thank you for being there, it's a pleasure to be your fan = w=)9",BirthdayIllust8-Hermit.png,"""Happy level up! According to my calculations you are finally able to summon Wahamut."" ...you can't force a pun after all huh."
Tako Servant,,Happy Birthday Ina! May your inspiration for world domINAtion... I mean art be everflowing and Hug-o-dex be completed with the ever increasing number of members!,IMG20240515230345-TakoServant.jpg,Ina always pick Berserkers from her friend list for FGO is because she is always Ina rage after failing at Gacha! (pls don't bonk me)
Tatsuran,TakodachiHoodie-Tatsuran.png,Still where? Still here! Still alive!,Ina_Birthday_2024_Tatsuran-Tatsuran.png,"Have you heard the one about the broken pencil? ...nah, don't worry about it; it's pointless. "
CreatorBlank,,"Happy Birthday Ina! your streams are always relaxing and fun to watch, hope you have fun day!",VtuberFGOForeignerInaFinal-CreatorBlank.png,
Vantablack,Tako-VantablackInaBirthday-Vantablack.png,"Happy birthday, Ina! Wishing you good health and lots of happiness, just like the smiles and laughs you bring with all the fun times. I'm forever grateful to be part of the cozy community you've built, so thank you!  P.S. Raisin cookies are delicious. Glory to the raisin empir-- [message expunged]",InaBirthday2024-Vantablack.png,"You better prepare Morbol for your birthday cuz it's gonna be soup-er!  get it? more bowl, soup... ha ha ha ha... *proceeds to bury myself"
Bangcock,tako-Bangcock.png,Wish our priestess would release an artbook that collects all her works soon!!!!,,(me brain so smol;(
scarletfeisty,IMG_6138-scarletfeisty.png,Thank you Ina for being a part of a pinnacle of my art journey! You‚Äôre my all time favorite vtuber and I can‚Äôt wait to see your journey transcend as time goes on and on!  ~scarletfeisty,IMG_6140-scarletfeisty.png,"What do you say to Alexa after using your ribbon? Alexa, PLAY UNRAVEL!"
KiwiNeko,,"HAPPY BIRTHDAY INAAA!! Thanks for being my favorite streamer & oshi for the past 3+ years. You & the tako community are the best!!  p.s. Got really into MonHun after seeing you playing, and have been inspired to don the majestic WIGGLER head! It looks splendid with the Frostfang Barioth set + w +)/",,
Koyo,,Happy Birthday Ina!!! Thank you for being you! Thank you for all the fun time this year as well. Your streams always gets me through hard days. I always love when you do a watchalong. Lets celebrate many birthdays together. HAPPY BIRTHDAY INA! WAH!,,What does every happy birthday end with? A ‚Äòy‚Äô.
tako,bvebe-tako.png,Happy Birthday Ninomae Inanis San! May your upcoming year be blessed,inabirthday-tako.png,do have a spec-tako-lar day!!
teamakite,,Happy Birthday Ina! Wishing you all the best. Looking forward to another great year with you and takos c:,ina2024BdSubmitWip-teamakite.png,
vignedev,vignedev_eu_tako-Vignedev.png,"Happy Birthday Ina! Thank you for making me smile at the dimmer parts of my life without fail, and motivating me to pursue more artistic projects. I wish you the very best, and remember to take care of yourself! = w=)7",n_composite_uiless-Vignedev.jpg,"I may not have a present for you, but I do have a future for you!"
briu,,Thank you for always giving us a pun-tastic time! Happy birthday Ina!,inabd24-Briu.png,uh...
Miiki,,Happy Birthday Ina!! Thank you for motivating me back to art!!,InaBirthdayArt2024-Miiki.png,
Amacatnyaa,Oc_tako-Amacatnyaa.png,I hope you have a WAHnderful birthday Ina üíúüíúüíúüíú,Ninoina_birthday_2024-Amacatnyaa.png,How does an octopus secure its home at night? With a lock-topus on its door.
furikipo,,"Happy Birthday Ina! It's been a great year with great moments, like when I got to see you perform ""Ghost"" at Connect the World! Here's to another great year!",Tanjoubina-furikipo.png,
Cheesecakee,,"Happy birthday, Ina!! I hope all of your birthday wishes come true.",birthdayInaa-Cheesecake.png,Have a wah-nderful birthday this year!
Wydken,takocapy-Wydken.png,"„ÅäË™ïÁîüÊó•„Åä„ÇÅ„Åß„Å®„ÅÜÔºÅÔºÅFeliz Cumplea√±os!! Happy Birthday Ina!!!!!!  Congratulations on miraculously preserving another year!!! Hope you have a wonderful day and get lots of delicious food!!!! I can't believe it's your 4th Birthday already, it's been a wild journey and this isn't the end!! You are the best Ina!",ina_bday_24-Wydken.png,
bluulake,,"Happy Birthday Ina!! Don't mind the shadow Ina, she is here for cake.",ina_2024-bluulake.png," **Heavensward Spoilers** Once the birthday merch Ysayle drops, my wallet will die with her"
NxKarim,NxZeroTako-Karim.png,Happy Birthday Ina!!  I wish you have a great birthday! Thank you for everything!! WAH,inabday-Karim.png,I couldn't ink about a good pun. I wish I could submit a tentacular one.
kyd kida,,"Happy Birthday Ina!!!  The drawing (I tried) is my first impression when I saw your trailer for Idol Showdown, remind me of Rachel Alucard from BlazBlue.",240516-kydkida.png,
Cromwell,,Happy Birthday Ina!,inyaa2-Cromwell.png,Happy Birthday! I hope it will be a toadally awesome day as always!
,,"Happy birthday, Ina! WAH!",Birthday-Nalucap.png,"Happy birthday, for this 5/20, w«î √®r l√≠ng!"
Tah1,FINAL-Tah1.png,"Happy Birthday, Ina! üéâ May your special day be filled with the warm embrace of your Takodachis. Thank you for brightening our lives with your smile <3. Here‚Äôs to another year of amazing adventures and cherished memories! üíúüíúüíú",10mb-Tah1.png,Geography teacher:       - What are the two major climate phenomena that significantly influence global weather patterns through the warming and cooling of the Pacific Ocean? My brain:       - El Ninomae and La NIna'nis (I mean u are both warm-hearted and cool :v)
GaahOkita,,"Happy Birthday Inaaaa! I hope you have a good one with a lot of cake and gifts, and have fun with your friends. I LOVE YOU and keep going to the WORLD DOMINATION",Inabirthday-GaahOkita.jpg,"A little bird told me you are another year older and I was all like ""HOLY BEEP!! A TALKING BIRD!"""
Frediloc,,"Happy Birthday, Ina! I wish this year for you to receive back the joy that you bring us, many times over. And in the meantime, have some yummy food, talk to some WAHnderful people, and have a nice nap!",,What's a dragoon's favorite season? Fall.
Rai,,Happy Birthday Ina! I don't know what else to say but thank you for being an inspiration and being the Eldritch bringer of fun and Sanity‚Ñ¢,TheInas2024b-Rai.png,All these gifts are Tako for the taking!!
Sine_Fine_Belli,,"Happy birthday Ina!  You're one of my favorite Vtubers and oshies. I keep watching you because of how funny, Chill, comfy, and wholesome you are. I‚Äôll continue to watch your streams and spend time with you, We'll always support you. Let‚Äôs look forward to more comfy and chill times.  ",IMG_7940-SineFineBelli.jpeg,
Astraea,Astraeadachi-Astraea.png,"Dear Ninomae Ina'nis, happy birthday this year! And in addition, thank you! For all your hard work and effort, you've brought boundless smiles across the world on takos of many shape and size, and are a positive and inspiring priestess. May you find love and comfort throughout your journeys forward!",Ina2024Bday-Astraea.png,
Mythuni,,"Happy Birthday to our priestess, Ina! Thanks for everything that you've done accomplish throughout the years while riding the full wonderfulness. You deserve the best birthday, and there's more to come in the brighter future. Take care and Happy Birthday, Ina!",,"Have a WAHderful, and PUNtastic Day!"
Shura / are you Shura bout that,potatoshuratako-Shura.png,Hi henlo! Happy birthday to my kami oshi! You've been a great source of motivation and happiness not to just me but to many takos out there! I hope you stay healthy and happy! Cheers to many more birthdays to come!,05-14-2024InyaBdayArtV3-Shura.jpg,
Kurai Tenshi,,Happy BDay Ina!! Thank you so much for exist. Do your bestest!!,inaBday2024-KuraiTenshi.jpg,Life is what you bake it. Happy Birthday!!
N,Tako-N.png,"Won't write anything too long, just want to express my gratitude for all these years. I don't think I would've met and enjoyed Hololive as much as I do if I didn't fall in love with your streams first. You've been an inspiration to me, and hopefully I can draw you better next time. = w=)7",24-N.png,What do you call a succubus mixed with a yellow bird? A Chocobo
DarkNess_2101,MyTako-darkness2101.png,"Happy Birthday, Ina! Time really flies when we have fun! It's already 4 years now! I want to say thank you for inspiring and helping me pick up drawing again. Thank you for giving me tips on drawing, Ina.You're the inspiration and your stream always bring smile to my face. Keep doing your best, Ina!",Ina_Birthday4-darkness2101.png,Why does number 4 always stay positive Because it's moving Forth-ward to the Future! HAPPY BIRTHDAY!
Vanilla Thunder,,Happy birthday Ina! Can't believe this is already the 3rd time we get to celebrate this joyous day for you! Here's hoping all your birthday wishes come true and an amazing year ahead!,,
iyon,,Happy birthday!! I feel old now...,05-07inabd2024lowres-iyon.jpg,The sky is clear of cloud today~
CorpShephard,,"Happy Birthday Ina!  I went to Japan to see everyone live at 5th Fes and got to meet so many wonderful Takos. Your anniversary live last year was so incredible!   Heres to another Wahnderful year with you and the Takos!  Sending love and support!  Please take care, and a break here and there!",,
Ithi,tako-Ithi.png,"Happy birthday, Ina. I can still remember the first day we all met at your debut. It feels like yesterday, but in truth, we have been through many hardships and grown a lot. There is no occasion more worth celebrating than this. Cheers, and I wish you the best.",InaBD2024-4wText-Ithi.png,I forgor what I wrote the last time. Guess that's another side effect of having too many birthday...
Mitsudzuri,1603702836412-Mitsudzuri.jpg,"Happy Birthday Ina! It's been a great year watching your streams, from Fate to FF to HoloFes! Let's have another good one!",,
Melmarkt,MelTako750-Melmarkt.png,Happy birthday Ina !!!,,
Reiya,,Happy Birthday Ina~ !,,
@mejasdnejeri,,,Ina_Bday-Meja_SD_Negeri.png,
Kade ·õü ASA,,,InaBday-KadeASA.png,
Wololo Sensei || 1st Killer,WololoTako-1st_Killer.png,Happy birthday Ina! I hope you have an awesome morning afternoon evening and get to enjoy some delicious cake! Thank you for these wahnderful 4 years!  WAH!,HBD-4th-1st_Killer.jpg,"I thought about summoning Ifrit to light up the candles, while that was my primal option... Since I mostly play WHM I went with Holy to brighten the mood. In hindsight... Fire IV might have been a better option."
Swoog,,"Can't believe it's already that time of the year again! Happy birthday Ina, may your days be fun and eventful--but most importantly I hope you get to eat something yummy! Looking forward to the birthday stream and MV release, and I can't wait to see what cool things you'll get up to later this year = w=)7",InaBday2024-Swoog.png,
Lyudmilia,,Happy birthday to my one and only kami oshi! I feel like it was only yesterday that I greeted you on your last birthday. Hope you've been doing well! I'm still as thankful as I've been these past years. Thank you so much for everything you do! Wishing you all the best in life! I hope you have an amazing day! Much love! <3,,I don't have a pun but have a LAHEEEE